epoch,step,test_dsc,test_loss
0,0,0.7459462881088257,0.529923141002655
