epoch,step,test_dsc,test_loss
0,0,0.7459438443183899,0.5299230813980103
