epoch,step,test_dsc,test_loss
0,0,0.7459456324577332,0.5299234390258789
0,8,6.787339316360885e-06,1.3010693788528442
