epoch,step,test_dsc,test_loss,train_dsc,train_loss,val_dsc,val_loss
0,0,0.7459403872489929,0.5299232006072998,,,,
0,49,,,0.9399272203445435,0.23205356299877167,,
0,49,,,,,0.7485033273696899,0.4211524426937103
1,99,,,0.9631116390228271,0.31413352489471436,,
1,99,,,,,0.7555904388427734,0.4301699995994568
2,149,,,0.9703047871589661,0.28356456756591797,,
2,149,,,,,0.7480766773223877,0.44369426369667053
3,171,0.5725143551826477,0.6976131796836853,,,,
