epoch,step,test_dsc,test_loss
0,0,0.7459494471549988,0.5299232602119446
