epoch,step,test_dsc,test_loss
0,0,0.7459477186203003,0.5299234390258789
