epoch,step,test_dsc,test_loss
0,0,0.7459468841552734,0.5299232602119446
