epoch,step,test_dsc,test_loss
0,0,0.7459465861320496,0.5299234390258789
