epoch,step,test_dsc,test_loss,train_dsc,train_loss,val_dsc,val_loss
0,0,0.7459461688995361,0.5299230813980103,,,,
0,49,,,0.9451467990875244,0.18455778062343597,,
0,49,,,,,0.6885681748390198,0.4929032623767853
1,99,,,0.9691218137741089,0.1868468075990677,,
1,99,,,,,0.6949103474617004,0.4995492696762085
2,149,,,0.9727693796157837,0.1749095469713211,,
2,149,,,,,0.6545863151550293,0.5445366501808167
