epoch,step,test_dsc,test_loss
0,0,0.7459442615509033,0.5299233198165894
