epoch,step,test_dsc,test_loss
0,0,0.7459720373153687,0.5298864841461182
