epoch,step,test_dsc,test_loss
0,0,0.745948314666748,0.5299232006072998
