epoch,step,test_dsc,test_loss
0,0,0.7459498643875122,0.529923141002655
